,,,,,,,,,,,,,,
"Progress of PNG D, CNG and Pipeline (inch-km) in the Country - March  2025",,,,,,,,,,,,,,
,,,,,,Actual Progress vis-ŕ-vis MWP Targets as on 31.3.2025,,,,,,,,
S.No,GA ID,Geographical Area/ CGD Networks,State/ Union Territory,Authorized CGD Entity,Date of Authorization,PNG Domestic Connections (Nos.),,,CNG Stations (Nos.),,, Pipeline (inch-Km),,
,,,,,, Total MWP Target,Pro-Rata Target,Achievement, Total MWP Target,Pro-Rata Target,Achievement, Total MWP Target,Pro-Rata Target,Achievement
1,1.01,Dewas,Madhya Pradesh,GAIL Gas Limited,01-Jun-09,40000,40000,22726,2,2,6,320,320,400
2,1.02,Kota,Rajasthan,Rajasthan State Gas Limited,01-Jun-09,100000,100000,54151,6,6,12,344,344,357
3,1.03,Mathura,Uttar Pradesh,Torrent Gas Limited,11-Jun-09,65000,65000,19275,5,5,13,347,347,397
4,1.04,Kakinada,Andhra Pradesh,Bhagyanagar Gas Limited,12-Jun-09,50000,50000,66322,9,9,13,622,622,366
5,1.05,Sonipat,Haryana,GAIL Gas Limited,12-Jun-09,60000,60000,38830,3,3,28,329,329,581
6,1.06,Meerut,Uttar Pradesh,GAIL Gas Limited,12-Jun-09,125000,125000,60309,5,5,22,643,643,1285
7,2.01,Chandigarh,"Chandigarh,",Indian-Oil Adani Gas Private Limited,08-May-13,700000,700000,30316,NA,NA,35,1750,1750,1767
,,,"Haryana, Punjab &",,,,,,,,,,,
,,,Himachal Pradesh,,,,,,,,,,,
8,2.02,Allahabad,Uttar Pradesh,Indian-Oil Adani Gas Private Limited,08-May-13,225000,225000,23787,NA,NA,9,480,480,534
9,2.03,Jhansi,Uttar Pradesh,Central UP Gas Limited,26-Feb-14,23706,23706,27390,NA,NA,10,72,72,114
10,3.01,Jalandhar *,Punjab,Adani Total Gas Limited,06-Sep-13,187200,187200,0,NA,NA,7,23400,23400,12
11,3.02,Bhavnagar  ,Gujarat,Gujarat Gas Limited,05-Mar-14,490000,490000,76520,NA,NA,41,8986,8986,581
12,3.03,Jamnagar,Gujarat,Gujarat Gas Limited,17-Jan-14,368000,368000,57871,NA,NA,30,12856,12856,653
13,3.04,Kutch (West)  ,Gujarat,Gujarat Gas Limited,19-Dec-14,166000,166000,13429,NA,NA,19,10271,10271,610
14,3.05,Kutch (East)*,Gujarat,Jay Madhok Energy Private Limited led Consortium,12-Mar-15,142000,142000,0,NA,NA,0,44500,44500,0
15,3.06,Ludhiana*,Punjab,Jay Madhok Energy Private Limited led Consortium,25-Jul-15,298000,298000,0,NA,NA,3,26000,26000,41
16,4.01,Bengaluru Rural and Urban Districts,Karnataka,GAIL Gas Limited,18-Feb-15,131156,131156,276829,NA,NA,136,1582,1582,5430
17,4.02,Panipat District,Haryana,Indian-Oil Adani Gas Private Limited,01-Apr-15,11782,11782,17581,NA,NA,19,650,650,1411
18,4.03,Palghar District & Thane Rural,Maharashtra,Gujarat Gas Limited,01-Apr-15,51452,51452,54720,NA,NA,37,1800,1800,2051
19,4.04,Raigarh District (EAAA),Maharashtra,Mahanagar Gas Limited,01-Apr-15,26476,26476,95714,NA,NA,65,1800,1800,2418
20,4.05,UT of Dadra & Nagar Haveli  ,Dadra & Nagra Haveli,Gujarat Gas Limited,01-Apr-15,3823,3823,13412,NA,NA,6,320,320,1462
21,4.06,UT of Daman  ,Daman and Diu,Indian-Oil Adani Gas Private Limited,01-Apr-15,2519,2519,5342,NA,NA,5,33,33,786
22,4.07,Amritsar  District,Punjab,Gujarat Gas Limited,05-May-15,24445,24445,30874,NA,NA,17,953,953,3304
23,4.08,Pune District (EAAA),Maharashtra,Torrent Gas Limited,18-May-15,52810,52810,22712,NA,NA,69,1800,1800,2860
24,4.09,Ernakulam District,Kerala,Indian-Oil Adani Gas Private Limited,14-Oct-15,40701,40701,42226,NA,NA,21,1099,1099,1589
,,,,,,,,,,,,,,
"Progress of PNG D, CNG and Pipeline (inch-km) in the Country - March  2025",,,,,,,,,,,,,,
,,,,,,Actual Progress vis-ŕ-vis MWP Targets as on 31.3.2025,,,,,,,,
S.No,GA ID,Geographical Area/ CGD Networks,State/ Union Territory,Authorized CGD Entity,Date of Authorization,PNG Domestic Connections (Nos.),,,CNG Stations (Nos.),,, Pipeline (inch-Km),,
,,,,,, Total MWP Target,Pro-Rata Target,Achievement, Total MWP Target,Pro-Rata Target,Achievement, Total MWP Target,Pro-Rata Target,Achievement
25,5.01,Udham Singh Nagar District,Uttrakhand,Indian-Oil Adani Gas Private Limited,28-Jul-15,15429,15429,17899,NA,NA,13,921,921,1847
26,5.02,Haridwar District,Uttrakhand,Haridwar Natural Gas Private,27-Jul-15,16905,16905,25447,NA,NA,11,830,830,1395
,,,,Limited,,,,,,,,,,
27,5.03,East Godavari District (EAAA),Andhra Pradesh,Godavari Gas Private Limited,14-Aug-15,60934,60934,49800,NA,NA,16,1800,1800,777
28,5.04,West Godavari District    ,Andhra Pradesh,Godavari Gas Private Limited,14-Aug-15,54576,54576,51107,NA,NA,16,1800,1800,972
29,5.05,Tumkur District,Karnataka,Megha City Gas Distribution  Private Limited,14-Aug-15,32004,32004,31996,NA,NA,10,1800,1800,1684
30,5.06,Krishna District (EAAA),Andhra Pradesh,Megha City Gas Distribution  Private Limited,14-Sep-15,50837,50837,28896,NA,NA,33,1800,1800,2889
31,5.07,Dharwad  District,Karnataka,Indian-Oil Adani Gas Private Limited,14-Sep-15,19135,19135,20497,NA,NA,10,1520,1520,1699
32,5.08,Belgaum District,Karnataka,Megha City Gas Distribution  Private Limited,14-Sep-15,49193,49193,33428,NA,NA,15,1800,1800,1611
33,6.01,Bhatinda  District,Punjab,Gujarat Gas Limited,10-May-16,13695,13695,5961,NA,NA,19,1209,1209,1389
34,6.02,Saharanpur District,Uttar Pradesh,Bharat Petroleum Corporation,11-May-16,29883,29883,29884,NA,NA,16,1342,1342,1373
,,,,Limited,,,,,,,,,,
35,6.03,Amreli District,Gujarat,Gujarat Gas Limited,27-May-16,14742,14742,17744,NA,NA,15,1800,1800,1814
36,6.04,Patan District,Gujarat,Sabarmati Gas Limited,27-May-16,13382,13382,23832,NA,NA,25,1800,1800,1954
37,6.05,Dahej Vagra Taluka,Gujarat,Gujarat Gas Limited,06-Jun-16,1080,1080,1588,NA,NA,5,591,591,790
38,6.06,Rupnagar District,Punjab,Bharat Petroleum Corporation,10-Jun-16,6782,6782,9531,NA,NA,19,650,650,749
,,,,Limited,,,,,,,,,,
39,6.07,North Goa District,Goa,Goa Natural Gas Private Limited,24-Jun-16,9588,9588,11208,NA,NA,7,650,650,819
40,6.08,Dahod District,Gujarat,Gujarat Gas Limited,27-Jun-16,16714,16714,13036,NA,NA,19,1309,1309,1315
41,6.09,Banaskantha District,Gujarat,IRM Energy  Limited,01-Jul-16,28021,28021,58866,NA,NA,49,1800,1800,2850
42,6.1,Anand District (EAAA),Gujarat,Gujarat Gas Limited,04-Jul-16,12650,12650,45215,NA,NA,29,680,680,3242
43,6.11,Panchmahal District,Gujarat,Gujarat Gas Limited,04-Jul-16,15191,15191,27838,NA,NA,31,1189,1189,2287
44,6.12,Fatehgarh Sahib District,Punjab,IRM Energy  Limited,05-Jul-16,5905,5905,6744,NA,NA,12,650,650,1355
45,6.13,Yamunanagar District,Haryana,Bharat Petroleum Corporation,22-Jul-16,11771,11771,11772,NA,NA,15,650,650,977
,,,,Limited,,,,,,,,,,
46,6.14,Ratnagiri District,Maharashtra,Unison Enviro Private Limited,09-Aug-16,19856,19856,18657,NA,NA,26,1800,1800,447
47,6.15,Rewari District,Haryana,Indraprastha Gas Limited,19-Aug-16,8902,8902,33204,NA,NA,46,650,650,2467
48,6.16,Dhar District,Madhya Pradesh,Naveriya Gas Private Limited,07-Nov-16,1061,1061,1500,NA,NA,4,1800,1800,672
49,6.17,Rohtak District,Haryana,Bharat Petroleum Corporation,09-Apr-18,10300,9528,12899,NA,NA,25,650,634,1248
,,,,Limited,,,,,,,,,,
50,6.18,Ahmedabad District (EAAA),Gujarat,Gujarat Gas Limited,22-06-2016,13050,6525,20520,NA,NA,29,1800,1440,1926
,,,,,(New start date,,,,,,,,,
,,,,,01.04.2022),,,,,,,,,
51,7.01,Solapur District,Maharashtra,IMC Limited,06-Mar-17,43658,43658,36719,NA,NA,25,1800,1800,1081
,,,,,,,,,,,,,,
"Progress of PNG D, CNG and Pipeline (inch-km) in the Country - March  2025",,,,,,,,,,,,,,
,,,,,,Actual Progress vis-ŕ-vis MWP Targets as on 31.3.2025,,,,,,,,
S.No,GA ID,Geographical Area/ CGD Networks,State/ Union Territory,Authorized CGD Entity,Date of Authorization,PNG Domestic Connections (Nos.),,,CNG Stations (Nos.),,, Pipeline (inch-Km),,
,,,,,, Total MWP Target,Pro-Rata Target,Achievement, Total MWP Target,Pro-Rata Target,Achievement, Total MWP Target,Pro-Rata Target,Achievement
52,8.01,South Goa District,Goa,Indian-Oil Adani Gas Private Limited,07-Feb-18,7592,7592,7657,NA,NA,7,698,698,828
53,8.02,Karnal District,Haryana,Indraprastha Gas Limited,08-Feb-18,14604,14604,36142,NA,NA,30,896,896,1732
54,8.03,Ambala & Kurukshetra Districts,Haryana,HPOIL Gas Private Limited,22-Feb-18,20624,20624,21005,NA,NA,31,1142,1142,1832
55,8.04,Kolhapur District,Maharashtra,HPOIL Gas Private Limited,06-Mar-18,38760,36822,38914,NA,NA,29,1800,1770,1921
56,8.05,Bulandshahr (part) District,Uttar Pradesh,Indian-Oil Adani Gas Private Limited,06-Mar-18,16026,16026,15816,NA,NA,21,759,759,989
57,8.06,Bagpat District,Uttar Pradesh,Bagpat Green Energy Private Limited,28-Mar-18,10496,10496,5418,NA,NA,13,650,650,630
58,9.01,"Srikakulam, Visakhapatnam & Vizianagaram Districts",Andhra Pradesh,Indian Oil Corporation Limited,01-03-2019,929842,185968,6282,211,63,23,2300,920,710
,,,,,(New start date,,,,,,,,,
,,,,,01.07.2021),,,,,,,,,
59,9.02,"Cachar, Hailakandi & Karimganj",Assam,Purba Bharti Gas Private Limited,27-09-2018,95001,19000,3235,21,6,1,751,300,294
,,Districts,,,(New start date,,,,,,,,,
,,,,,01.01.2022),,,,,,,,,
60,9.03,Kamrup & Kamrup Metropolitan,Assam,Purba Bharti Gas Private Limited,26-Sep-18,321001,112350,6175,51,27,4,961,625,362
,,Districts,,,,,,,,,,,,
61,9.04,"Aurangabad, Kaimur & Rohtas",Bihar,Indian Oil Corporation Limited,06-Sep-18,14271,4519,4605,12,6,16,800,493,577
,,Districts,,,,,,,,,,,,
62,9.05,Begusarai District,Bihar,Think Gas Begusarai Private Limited,20-Sep-18,169787,59425,7372,25,13,10,762,495,322
63,9.06,Gaya & Nalanda Districts,Bihar,Indian-Oil Adani Gas Private Limited,20-Sep-18,37591,13157,3724,46,24,25,1304,848,653
64,9.07,Diu and Gir Somnath Districts,Daman and Diu (UT) & Gujarat,IRM Energy  Limited,25-Sep-18,91000,31850,9330,35,18,17,188,122,100
65,9.08,Surendranagar District (EAAA)  ,Gujarat,Adani Total Gas Limited,17-Oct-18,87005,28277,2664,20,10,16,839,524,1132
66,9.09,Barwala & Ranpur Talukas,Gujarat,Adani Total Gas Limited,26-Sep-18,12098,4234,41,4,2,5,209,136,120
67,9.1,"Navsari District (EAAA), Surat District",Gujarat,Adani Total Gas Limited,26-Sep-18,90191,31567,4597,25,13,12,1010,657,552
,,"(EAAA), Tapi District (EAAA) & the Dangs District",,,,,,,,,,,,
68,9.11,Junagadh District,Gujarat,Torrent Gas Limited,13-Sep-18,77400,27090,13454,45,24,18,3186,2071,1621
69,9.12,Kheda District (EAAA) & Mahisagar,Gujarat,Adani Total Gas Limited,28-Sep-18,175007,61252,4589,30,16,27,1010,657,708
,,District,,,,,,,,,,,,
70,9.13,Narmada (Rajpipla) District,Gujarat,Gujarat Gas Limited,06-Sep-18,1750,613,4638,4,2,9,55,36,72
,,,,,,,,,,,,,,
"Progress of PNG D, CNG and Pipeline (inch-km) in the Country - March  2025",,,,,,,,,,,,,,
,,,,,,Actual Progress vis-ŕ-vis MWP Targets as on 31.3.2025,,,,,,,,
S.No,GA ID,Geographical Area/ CGD Networks,State/ Union Territory,Authorized CGD Entity,Date of Authorization,PNG Domestic Connections (Nos.),,,CNG Stations (Nos.),,, Pipeline (inch-Km),,
,,,,,, Total MWP Target,Pro-Rata Target,Achievement, Total MWP Target,Pro-Rata Target,Achievement, Total MWP Target,Pro-Rata Target,Achievement
71,9.14,Porbandar District,Gujarat,Adani Total Gas Limited,26-Sep-18,60464,21162,517,12,6,10,704,458,169
72,9.15,"Panchkula District (EAAA), Sirmaur, Shimla & Solan (EAAA) Districts",Haryana & Himachal Pradesh,Indian-Oil Adani Gas Private Limited,13-Sep-18,32360,11326,56,45,16,14,NA,NA,0
73,9.16,"Bhiwani, Charkhi Dadri & Mahendragarh Districts",Haryana,Adani Total Gas Limited,13-Sep-18,150464,52662,4612,60,32,51,1010,657,868
74,9.17,Hisar District,Haryana,HCG (KCE) Private Limited,28-09-2018,251370,50274,269,46,14,26,1991,796,286
,,,,,(New start date,,,,,,,,,
,,,,,01.01.2022),,,,,,,,,
75,9.18,Jhajjar District,Haryana,Haryana City Gas (KCE) Private,07-03-2019,138815,27763,294,46,14,27,1175,470,584
,,,,Limited,(New start date,,,,,,,,,
,,,,,01.01.2022),,,,,,,,,
76,9.19,Sonipat District (EAAA) & Jind District,Haryana,Hindustan Petroleum Corporation Limited,26-Sep-18,98000,34300,13312,38,20,43,1183,769,1229
77,9.2,Nuh & Palwal Districts,Haryana,Adani Total Gas Limited,13-Sep-18,181019,63357,29390,60,32,43,803,522,707
78,9.21,"Bilaspur, Hamirpur & Una Districts",Himachal Pradesh,Bharat Petroleum Corporation,06-Sep-18,28170,9860,9926,10,4,11,NA,NA,40
,,,,Limited,,,,,,,,,,
79,9.22,"Bokaro, Hazaribagh & Ramgarh",Jharkhand,Indian Oil Corporation Limited,06-09-2018,79052,15810,12189,99,30,25,1300,520,1094
,,Districts,,,(New start date,,,,,,,,,
,,,,,01.01.2022),,,,,,,,,
80,9.23,Giridih & Dhanbad Districts,Jharkhand,GAIL Gas Limited,06-09-2018,50000,10000,12323,30,9,13,650,260,452
,,,,,(New start date,,,,,,,,,
,,,,,01.04.2021),,,,,,,,,
81,9.24,Chitradurga & Davanagere Districts,Karnataka,Unison Enviro Private Limited,25-Sep-18,101000,35350,10522,42,22,23,75,49,45
82,9.25,Udupi District,Karnataka,Adani Total Gas Limited,13-09-2018,110099,22020,0,11,3,11,569,228,473
,,,,,(New start date,,,,,,,,,
,,,,,01.01.2021),,,,,,,,,
83,9.26,Ballari & Gadag Districts,Karnataka,Bharat Petroleum Corporation,24-Sep-18,53850,18848,24185,24,13,36,1365,887,1160
,,,,Limited,,,,,,,,,,
84,9.27,Bidar District,Karnataka,Bharat Petroleum Corporation,10-Aug-18,6200,2170,6221,4,2,17,143,93,286
,,,,Limited,,,,,,,,,,
85,9.28,Dakshina Kannada District,Karnataka,GAIL Gas Limited,28-08-2018,350000,70000,45343,100,30,38,1250,500,352
,,,,,(New start date,,,,,,,,,
,,,,,01.04.2022),,,,,,,,,
86,9.29,Ramanagara District,Karnataka,Maharashtra Natural Gas Limited,28-Sep-18,113115,39590,40089,37,19,17,354,230,247
87,9.3,Kozhikode & Wayanad Districts,Kerala,Indian-Oil Adani Gas Private Limited,14-09-2018,421277,84255,10344,142,43,34,927,371,522
,,,,,(New start date,,,,,,,,,
,,,,,01.01.2021),,,,,,,,,
88,9.31,Malappuram District,Kerala,Indian-Oil Adani Gas Private Limited,27-09-2018,338518,67704,11056,130,39,33,1671,668,459
,,,,,(New start date,,,,,,,,,
,,,,,01.01.2021),,,,,,,,,
,,,,,,,,,,,,,,
"Progress of PNG D, CNG and Pipeline (inch-km) in the Country - March  2025",,,,,,,,,,,,,,
,,,,,,Actual Progress vis-ŕ-vis MWP Targets as on 31.3.2025,,,,,,,,
S.No,GA ID,Geographical Area/ CGD Networks,State/ Union Territory,Authorized CGD Entity,Date of Authorization,PNG Domestic Connections (Nos.),,,CNG Stations (Nos.),,, Pipeline (inch-Km),,
,,,,,, Total MWP Target,Pro-Rata Target,Achievement, Total MWP Target,Pro-Rata Target,Achievement, Total MWP Target,Pro-Rata Target,Achievement
89,9.32,"Kannur, Kasaragod & Mahe Districts",Kerala & Puducherry (UT),Indian-Oil Adani Gas Private Limited,14-09-2018,367176,73435,10945,125,38,29,1103,441,539
,,,,,(New start date,,,,,,,,,
,,,,,01.01.2021),,,,,,,,,
90,9.33,Palakkad & Thrissur Districts,Kerala,Indian-Oil Adani Gas Private Limited,26-09-2018,600000,120000,20837,200,60,56,2126,850,1058
,,,,,(New start date,,,,,,,,,
,,,,,01.01.2021),,,,,,,,,
91,9.34,Bhopal & Rajgarh Districts,Madhya Pradesh,Think Gas Bhopal Private Limited,24-Sep-18,550222,192578,39373,104,55,39,2508,1630,2045
92,9.35,Guna District,Madhya Pradesh,Indian Oil Corporation Limited,06-Sep-18,4900,1715,1764,7,4,6,400,260,263
93,9.36,Rewa District,Madhya Pradesh,Indian Oil Corporation Limited,06-Sep-18,7861,2751,2828,18,9,8,950,618,599
94,9.37,Satna & Shandol Districts,Madhya Pradesh,Bharat Petroleum Corporation,06-Sep-18,15600,5460,8630,8,4,26,196,127,105
,,,,Limited,,,,,,,,,,
95,9.38,Ahmednagar & Aurangabad Districts,Maharashtra,Bharat Petroleum Corporation,28-Sep-18,708100,247835,152628,106,56,108,2109,1371,5393
,,,,Limited,,,,,,,,,,
96,9.39,"Valsad (EAAA), Dhule & Nashik",Maharashtra & Gujarat,Maharashtra Natural Gas Limited,28-Sep-18,937965,328288,220104,156,82,83,2181,1418,1550
,,Districts,,,,,,,,,,,,
97,9.4,Latur & Osmanabad Districts,Maharashtra,Unison Enviro Private Limited,25-Sep-18,9999,3500,3535,30,16,33,10,7,136
98,9.41,Sangli & Satara Districts,Maharashtra,Bharat Petroleum Corporation,28-Sep-18,376700,125567,81364,64,32,71,2112,1338,2999
,,,,Limited,,,,,,,,,,
99,9.42,Sindhudurg District,Maharashtra,Maharashtra Natural Gas Limited,06-Sep-18,25779,9023,9094,25,13,14,759,493,575
100,9.43,Angul & Dhekanal Districts,Odisha,Bharat Petroleum Corporation,10-08-2018,22600,4520,5027,21,6,12,1464,586,1164
,,,,Limited,(New start date,,,,,,,,,
,,,,,01.01.2022),,,,,,,,,
101,9.44,Sundargarh & Jharsuguda Districts,Odisha,GAIL Gas Limited,06-09-2018,100000,20000,13076,20,6,10,500,200,333
,,,,,(New start date,,,,,,,,,
,,,,,01.01.2022),,,,,,,,,
102,9.45,"Balasore, Bhadrak & Mayurbhanj",Odisha,Adani Total Gas Limited,28-09-2018,150464,30093,0,20,6,12,506,202,596
,,Districts,,,(New start date,,,,,,,,,
,,,,,01.01.2022),,,,,,,,,
103,9.46,"Bargarh, Debagarh & Sambalpur",Odisha,Bharat Petroleum Corporation,28-09-2018,13910,2782,7218,11,3,25,650,260,852
,,Districts,,Limited,(New start date,,,,,,,,,
,,,,,01.01.2022),,,,,,,,,
104,9.47,"Ganjam, Nayagarh & Puri Districts",Odisha,GAIL Gas Limited,06-09-2018,51000,10200,7072,15,5,9,650,260,725
,,,,,(New start date,,,,,,,,,
,,,,,01.01.2022),,,,,,,,,
105,9.48,Jagatsinghpur & Kendrapara Districts,Odisha,Bharat Petroleum Corporation,26-09-2018,12550,2510,9067,10,3,6,791,316,710
,,,,Limited,(New start date,,,,,,,,,
,,,,,01.01.2022),,,,,,,,,
106,9.49,Jajpur & Kendujhar Districts,Odisha,Bharat Petroleum Corporation,26-09-2018,18200,3640,9763,19,6,21,2442,977,1621
,,,,Limited,(New start date,,,,,,,,,
,,,,,01.01.2022),,,,,,,,,
107,9.5,Karaikal & Nagapattinam Districts,Puducherry (UT) & Tamil Nadu,Torrent Gas Limited,28-Sep-18,166644,58325,486,27,14,8,495,322,185
108,9.51,Puducherry District,Puducherry (UT),East Coast Natural Gas Private,25-09-2018,275000,55000,0,130,39,2,2100,840,120
,,,,Limited,(New start date,,,,,,,,,
,,,,,01.04.2022),,,,,,,,,
,,,,,,,,,,,,,,
"Progress of PNG D, CNG and Pipeline (inch-km) in the Country - March  2025",,,,,,,,,,,,,,
,,,,,,Actual Progress vis-ŕ-vis MWP Targets as on 31.3.2025,,,,,,,,
S.No,GA ID,Geographical Area/ CGD Networks,State/ Union Territory,Authorized CGD Entity,Date of Authorization,PNG Domestic Connections (Nos.),,,CNG Stations (Nos.),,, Pipeline (inch-Km),,
,,,,,, Total MWP Target,Pro-Rata Target,Achievement, Total MWP Target,Pro-Rata Target,Achievement, Total MWP Target,Pro-Rata Target,Achievement
109,9.52,"SAS Nagar District (EAAA), Patiala & Sangrur Districts",Punjab,Torrent Gas Limited,26-Sep-18,520200,182070,11118,54,28,32,2610,1697,999
110,9.53,"Ludhiana District (Except area already authorized), Barnala & Moga Districts",Punjab,Think Gas Ludhiana Private Limited,26-Oct-18,451317,146678,16483,47,23,26,1486,929,1454
111,9.54,"Jalandhar District (EAAA), Kapurthala & SBS Nagar Districts",Punjab,Think Gas Ludhiana Private Limited,26-Oct-18,386147,125498,15586,51,25,20,1029,643,824
112,9.55,"Barmer, Jaisalmer & Jodhpur Districts",Rajasthan,AGP CGD India Private Limited,28-Sep-18,551111,192889,51002,80,28,41,NA,NA,298
113,9.56,Alwar (Other than Bhiwadi) & Jaipur,Rajasthan,Torrent Gas Jaipur Private Limited,27-08-2018,1320000,264000,9691,132,40,61,12030,4812,2474
,,Districts,,,(New start date,,,,,,,,,
,,,,,01.04.2022),,,,,,,,,
114,9.57,"Kota District (EAAA), Baran &",Rajasthan,Torrent Gas Limited,13-Sep-18,60300,21105,4167,27,14,17,3393,2205,645
,,Chittorgarh (Only Rawatbhata Taluka) Districts,,,,,,,,,,,,
115,9.58,Bhilwara & Bundi Districts,Rajasthan,Adani Total Gas Limited,14-Sep-18,270056,94520,1908,25,13,20,659,428,458
116,9.59,Chittorgarh (Other than Rawatbhata Taluka) & Udaipur Districts,Rajasthan,Adani Total Gas Limited,13-Sep-18,400583,140204,17073,70,37,40,1568,1019,1711
117,9.6,Dholpur District,Rajasthan,Dholpur CGD Private Limited,28-Sep-18,18000,6300,1805,14,7,8,412,268,130
118,9.61,Kanchipuram District,Tamil Nadu,AGP CGD India Private Limited,26-09-2018,1151111,230222,5033,111,33,47,668,267,860
,,,,,(New start date,,,,,,,,,
,,,,,01.04.2022),,,,,,,,,
119,9.62,Chennai & Tiruvallur Districts,Tamil Nadu,Torrent Gas Chennai Private Limited,07-09-2018,3300000,660000,2383,222,67,76,6666,2666,1947
,,,,,(New start date,,,,,,,,,
,,,,,01.04.2020),,,,,,,,,
120,9.63,Coimbatore District,Tamil Nadu,Indian Oil Corporation Limited,12-09-2018,912783,182557,38006,273,82,42,2500,1000,1252
,,,,,(New start date,,,,,,,,,
,,,,,01.04.2022),,,,,,,,,
121,9.64,"Cuddalore, Nagapattinam & Tiruvarur",Tamil Nadu,Adani Total Gas Limited,28-09-2018,300089,60018,0,40,12,23,839,336,104
,,Districts,,,(New start date,,,,,,,,,
,,,,,01.04.2022),,,,,,,,,
122,9.65,Ramanathapuram District,Tamil Nadu,AGP CGD India Private Limited,26-Sep-18,41311,14459,4832,11,6,8,251,163,93
123,9.66,Salem District,Tamil Nadu,Indian Oil Corporation Limited,12-09-2018,337062,67412,4206,158,47,26,1368,547,311
,,,,,(New start date,,,,,,,,,
,,,,,01.04.2022),,,,,,,,,
124,9.67,Tiruppur District,Tamil Nadu,Adani Total Gas Limited,13-09-2018,375005,75001,605,75,23,34,829,332,380
,,,,,(New start date,,,,,,,,,
,,,,,01.04.2022),,,,,,,,,
125,9.68,Bhadradri Kothagudem & Khamman,Telangana,Megha City Gas Distribution  Private Limited,20-Sep-18,99999,35000,1792,12,6,12,800,520,425
,,Districts,,,,,,,,,,,,
126,9.69,"Jagtial, Peddapalli, Karimnagar & Rajanna Sircilla Districts",Telangana,Indian Oil Corporation Limited,12-Sep-18,5731,1289,818,5,2,9,520,234,301
,,,,,(New date 01-Jan2020),,,,,,,,,
,,,,,,,,,,,,,,
"Progress of PNG D, CNG and Pipeline (inch-km) in the Country - March  2025",,,,,,,,,,,,,,
,,,,,,Actual Progress vis-ŕ-vis MWP Targets as on 31.3.2025,,,,,,,,
S.No,GA ID,Geographical Area/ CGD Networks,State/ Union Territory,Authorized CGD Entity,Date of Authorization,PNG Domestic Connections (Nos.),,,CNG Stations (Nos.),,, Pipeline (inch-Km),,
,,,,,, Total MWP Target,Pro-Rata Target,Achievement, Total MWP Target,Pro-Rata Target,Achievement, Total MWP Target,Pro-Rata Target,Achievement
127,9.7,"Jangaon, Jayashankar Bhupalpally,",Telangana,Megha City Gas Distribution  Private Limited,24-Sep-18,99999,35000,3829,12,6,8,800,520,232
,,"Mahabubabad, Warangal Urban & Warangal Rural Districts",,,,,,,,,,,,
128,9.71,"Medak, Siddipet & Sangareddy",Telangana,Torrent Gas Limited,13-Sep-18,310770,108770,2396,54,28,17,5076,3299,1460
,,Districts,,,,,,,,,,,,
129,9.72,"Medchal-Malkajgiri, Ranga Reddy & Vikarabad Districts",Telangana,Megha City Gas Distribution  Private Limited,14-Nov-18,415000,134875,5759,110,54,26,2020,1263,1735
130,9.73,Nalgonda Suryapet & Yadadri Bhuvanagiri Districts,Telangana,Megha City Gas Distribution  Private Limited,13-Sep-18,350000,122500,5626,75,39,20,1500,975,768
131,9.74,Gomati District,Tripura,Tripura Natural Gas Company,28-Sep-18,11514,4030,974,6,3,8,170,111,33
,,,,Limited,,,,,,,,,,
132,9.75,West Tripura (EAAA) District,Tripura,Tripura Natural Gas Company,28-Sep-18,15800,5530,16847,6,3,8,60,39,28
,,,,Limited,,,,,,,,,,
133,9.76,"Bulandshahr District (EAAA), Aligarh &",Uttar Pradesh,Indian-Oil Adani Gas Private Limited,24-Sep-18,143404,50191,5895,46,24,27,1662,1080,965
,,Hathras Districts,,,,,,,,,,,,
134,9.77,"Allahabad District (EAAA), Bhadohi & Kaushambi Districts",Uttar Pradesh,Indian-Oil Adani Gas Private Limited,13-Sep-18,58658,20530,7478,24,13,19,680,442,393
135,9.78,"Amethi, Pratapgarh & Raebareli",Uttar Pradesh,Bharat Petroleum Corporation,10-Aug-18,18169,6359,6430,20,11,33,385,250,267
,,Districts,,Limited,,,,,,,,,,
136,9.79,"Auraiya, Kanpur Dehat & Etawah",Uttar Pradesh,Torrent Gas Limited,13-Sep-18,118800,41580,11511,27,14,37,1602,1041,982
,,Districts,,,,,,,,,,,,
137,9.8,Faizabad & Sultanpur Districts,Uttar Pradesh,Green Gas Limited,24-Sep-18,4000,1400,2005,4,2,9,350,228,894
138,9.81,"Gorakhpur, Sant Kabir Nagar & Kushinagar Districts",Uttar Pradesh,Torrent Gas Limited,13-09-2018,178200,44550,10977,36,14,30,5814,2907,1255
,,,,,(New start date 01-102019),,,,,,,,,
139,9.82,"Meerut District (EAAA), Muzaffarnagar & Shamli Districts",Uttar Pradesh,Indraprastha Gas Limited,13-Sep-18,105543,36940,61532,36,19,43,1755,1141,1891
140,9.83,Moradabad (EAAA) District,Uttar Pradesh,Torrent Gas Limited,13-Sep-18,154800,54180,13167,27,14,21,792,515,472
141,9.84,Unnao (EAAA) District,Uttar Pradesh,Green Gas Limited,24-Sep-18,3000,1050,663,2,1,3,150,98,136
142,9.85,Dehradun District,Uttarakhand,GAIL Gas Limited,12-09-2018,300001,60000,35272,50,15,15,900,360,565
,,,,,(New start date,,,,,,,,,
,,,,,01.01.2022),,,,,,,,,
,,,,,,,,,,,,,,
"Progress of PNG D, CNG and Pipeline (inch-km) in the Country - March  2025",,,,,,,,,,,,,,
,,,,,,Actual Progress vis-ŕ-vis MWP Targets as on 31.3.2025,,,,,,,,
S.No,GA ID,Geographical Area/ CGD Networks,State/ Union Territory,Authorized CGD Entity,Date of Authorization,PNG Domestic Connections (Nos.),,,CNG Stations (Nos.),,, Pipeline (inch-Km),,
,,,,,, Total MWP Target,Pro-Rata Target,Achievement, Total MWP Target,Pro-Rata Target,Achievement, Total MWP Target,Pro-Rata Target,Achievement
143,9.86,Burdwan District,West Bengal,Indian-Oil Adani Gas Private Limited,28-09-2018,247852,49570,10690,80,24,23,2230,892,751
,,,,,(New start date,,,,,,,,,
,,,,,01.01.2022),,,,,,,,,
144,10.01,Anantapur and YSR (Kadapa) Districts,Andhra Pradesh,AGP City Gas Private Limited,24-Apr-19,1001101,275303,11160,134,55,27,3289,1809,2180
145,10.02,Sri Potti Sriramulu Nellore District,Andhra Pradesh,AGP City Gas Private Limited,24-Apr-19,852111,234331,6379,81,33,19,1468,807,340
146,10.03,"Chittoor, Kolar and Vellore Districts","Andhra Pradesh,",AGP City Gas Private Limited,24-04-2019,2295933,459187,15338,251,75,49,1731,692,2032
,,,Tamil Nadu and Karnataka,,(New start date,,,,,,,,,
,,,,,01.04.2022),,,,,,,,,
147,10.04,"Araria, Purnia, Katihar and Kishanganj",Bihar,Indian Oil Corporation Limited,29-03-2019,305200,61040,14910,79,24,11,910,364,614
,,Districts,,,(New start date,,,,,,,,,
,,,,,01.01.2022),,,,,,,,,
148,10.05,"Arwal, Jehanabad, Bhojpur and Buxar",Bihar,Indian Oil Corporation Limited,29-Mar-19,80636,21503,16494,50,20,13,1023,546,1380
,,Districts,,,,,,,,,,,,
149,10.06,"Khagaria, Saharsa and Madhepura",Bihar,Indian Oil Corporation Limited,29-03-2019,24730,4946,4310,9,3,6,374,150,442
,,Districts,,,(New start date,,,,,,,,,
,,,,,01.01.2022),,,,,,,,,
150,10.07,"Lakhisarai, Munger and Bhagalpur",Bihar,Indian Oil Corporation Limited,29-Mar-19,54471,14526,12645,16,6,10,1625,867,1022
,,Districts,,,,,,,,,,,,
151,10.08,"Muzaffarpur, Vaishali, Saran and Samastipur Districts",Bihar,Indian Oil Corporation Limited,29-Mar-19,1006975,268527,51910,222,89,46,2838,1514,3070
152,10.09,Nawada and Koderma Districts,Bihar and Jharkhand,Indian Oil Corporation Limited,29-03-2019,13632,2726,2764,21,6,5,527,211,360
,,,,,(New start date,,,,,,,,,
,,,,,01.01.2022),,,,,,,,,
153,10.1,"Sheikhpura, Jamui and Deoghar",Bihar and Jharkhand,Indian Oil Corporation Limited,29-Mar-19,37441,9984,10002,16,6,6,1564,834,1633
,,Districts,,,,,,,,,,,,
154,10.11,Kaithal District,Haryana,Indraprastha Gas Limited,29-Mar-19,99144,29743,40994,27,12,16,810,486,971
155,10.12,"Sirsa, Fatehabad and Mansa (Punjab)",Haryana and Punjab,Gujarat Gas Limited,29-03-2019,500001,100000,2507,54,16,27,1500,600,375
,,Districts,,,(New start date,,,,,,,,,
,,,,,01.07.2021),,,,,,,,,
156,10.13,Chatra and Palamu Districts,Jharkhand,Bharat Petroleum Corporation,29-Mar-19,10821,3246,3397,4,2,10,100,60,105
,,,,Limited,,,,,,,,,,
157,10.14,Seraikela-Kharsawan District,Jharkhand,GAIL Gas Limited,29-03-2019,220001,44000,13252,41,12,15,601,240,366
,,,,,(New start date,,,,,,,,,
,,,,,01.01.2022),,,,,,,,,
158,10.15,West Singhbhum District,Jharkhand,GAIL Gas Limited,29-03-2019,6028,1206,125,5,2,2,100,40,0
,,,,,(New start date,,,,,,,,,
,,,,,01.01.2022),,,,,,,,,
159,10.16,"Bagalkot, Koppal and Raichur Districts",Karnataka,AGP City Gas Private Limited,24-Apr-19,586121,161183,4063,114,47,26,1979,1088,1144
160,10.17,"Chikkamagaluru, Hassan and Kodagu",Karnataka,AGP City Gas Private Limited,24-Apr-19,928651,255379,337,121,50,22,1187,653,850
,,Districts,,,,,,,,,,,,
161,10.18,Kalaburagi and Vijayapura Districts,Karnataka,AGP City Gas Private Limited,24-Apr-19,526551,144802,437,62,26,21,1395,767,818
,,,,,,,,,,,,,,
"Progress of PNG D, CNG and Pipeline (inch-km) in the Country - March  2025",,,,,,,,,,,,,,
,,,,,,Actual Progress vis-ŕ-vis MWP Targets as on 31.3.2025,,,,,,,,
S.No,GA ID,Geographical Area/ CGD Networks,State/ Union Territory,Authorized CGD Entity,Date of Authorization,PNG Domestic Connections (Nos.),,,CNG Stations (Nos.),,, Pipeline (inch-Km),,
,,,,,, Total MWP Target,Pro-Rata Target,Achievement, Total MWP Target,Pro-Rata Target,Achievement, Total MWP Target,Pro-Rata Target,Achievement
162,10.19,"Mysuru, Mandya and Chamarajanagar",Karnataka,AGP City Gas Private Limited,24-Apr-19,1354714,372546,3024,171,71,29,1293,711,1681
,,Districts,,,,,,,,,,,,
163,10.2,"Uttara Kannada, Haveri and Shivamogga Districts",Karnataka,AGP City Gas Private Limited,24-Apr-19,899311,247311,776,126,52,26,1993,1096,802
164,10.21,"Alapuzzha, Kollam and Thiruvananthapuram Districts",Kerala,AGP City Gas Private Limited,29-Mar-19,1851111,555333,42116,291,131,45,1851,1111,727
165,10.22,Ashoknagar District,Madhya Pradesh,Indian Oil Corporation Limited,29-Mar-19,3885,1166,1785,9,4,3,158,95,194
166,10.23,Gwalior (EAAA) District and Sheopur,Madhya Pradesh,Rajasthan State Gas Limited,29-Mar-19,167756,50327,700,26,12,6,2278,1367,0
,,District,,,,,,,,,,,,
167,10.24,Morena District,Madhya Pradesh,Indian Oil Corporation Limited,29-Mar-19,8160,2448,3964,8,4,7,138,83,233
168,10.25,"Raisen, Shajapur and Sehore Districts",Madhya Pradesh,GAIL Gas Limited,29-Mar-19,400001,120000,7502,65,29,30,551,331,143
169,10.26,Shivpuri District,Madhya Pradesh,Think Gas Bhopal Private Limited,29-Mar-19,27229,8169,3126,11,5,6,60,36,69
170,10.27,Sidhi and Singrauli Districts,Madhya Pradesh,Bharat Petroleum Corporation,29-Mar-19,20800,6240,7347,11,5,10,600,360,239
,,,,Limited,,,,,,,,,,
171,10.28,"Ujjain (EAAA) District, Dewas (EAAA) District and Indore (EAAA) District",Madhya Pradesh,Gujarat Gas Limited,29-Mar-19,484500,145350,2113,42,19,24,1800,1080,1152
172,10.29,"Anuppur, Bilaspur and Korba Districts",Madhya Pradesh and Chattisgarh,Adani Total Gas Limited,29-Mar-19,77033,23110,0,20,9,9,1289,773,488
173,10.3,"Jhabua, Banswara, Ratlam and Dungarpur Districts",Madhya Pradesh and Rajashthan,Gujarat Gas Limited,29-Mar-19,450000,135000,1182,54,24,33,2100,1260,659
174,10.31,"Jhansi (EAAA) District, Bhind, Jalaun, Lalitpur and Datia Districts",Madhya Pradesh and Uttar Pradesh,Adani Total Gas Limited,29-Mar-19,110099,33030,105,29,13,20,1568,941,276
175,10.32,"Ferozepur, Faridkot and Sri Muktsar",Punjab,Gujarat Gas Limited,29-03-2019,350004,70001,2911,45,14,28,1200,480,1032
,,Sahib Districts,,,(New start date,,,,,,,,,
,,,,,01.07.2021),,,,,,,,,
176,10.33,Hoshiarpur and Gurdaspur Districts,Punjab,Gujarat Gas Limited,29-Mar-19,600123,180037,6221,81,36,40,1800,1080,1093
177,10.34,"Ajmer, Pali and Rajsamand Districts",Rajasthan,Indraprastha Gas Limited,29-Mar-19,1000944,300283,261683,198,89,83,1944,1166,2850
178,10.35,Jalore and Sirohi Districts,Rajasthan,Gujarat Gas Limited,29-Mar-19,400008,120002,8430,30,14,31,1800,1080,868
179,10.36,"Azamgarh, Mau and Ballia Districts",Uttar Pradesh,Torrent Gas Limited,29-Mar-19,100800,25200,10648,40,15,26,1008,504,636
180,10.37,"Bareilly (EAAA) District, Pilibhit and Rampur Districts",Uttar Pradesh,Hindustan Petroleum Corporation Limited,29-Mar-19,145000,43500,14657,140,63,64,1200,720,1141
181,10.38,Basti and Ambedkarnagar Districts,Uttar Pradesh,Torrent Gas Limited,29-Mar-19,35100,8775,6157,18,7,15,207,104,245
,,,,,,,,,,,,,,
"Progress of PNG D, CNG and Pipeline (inch-km) in the Country - March  2025",,,,,,,,,,,,,,
,,,,,,Actual Progress vis-ŕ-vis MWP Targets as on 31.3.2025,,,,,,,,
S.No,GA ID,Geographical Area/ CGD Networks,State/ Union Territory,Authorized CGD Entity,Date of Authorization,PNG Domestic Connections (Nos.),,,CNG Stations (Nos.),,, Pipeline (inch-Km),,
,,,,,, Total MWP Target,Pro-Rata Target,Achievement, Total MWP Target,Pro-Rata Target,Achievement, Total MWP Target,Pro-Rata Target,Achievement
182,10.39,"Farrukhabad, Etah and Hardoi",Uttar Pradesh,Hindustan Petroleum Corporation Limited,29-Mar-19,98000,29400,15114,75,34,57,1200,720,1216
,,Districts,,,,,,,,,,,,
183,10.4,Gonda and Barabanki Districts,Uttar Pradesh,Torrent Gas Limited,29-Mar-19,111600,33480,6991,36,16,27,756,454,1233
184,10.41,Jaunpur and Ghazipur Districts,Uttar Pradesh,Indian-Oil Adani Gas Private Limited,24-Apr-19,77033,21184,5847,38,16,17,875,481,323
185,10.42,"Kanpur (EAAA) District, Fatehpur and Hamirpur Districts",Uttar Pradesh,Indraprastha Gas Limited,29-Mar-19,144000,43200,49901,45,20,29,1170,702,1613
186,10.43,Mainpuri and Kannauj Districts,Uttar Pradesh,Hindustan Petroleum Corporation Limited,29-Mar-19,60000,18000,14427,45,20,36,972,583,1013
187,10.44,"Mirzapur, Chandauli and Sonbhadra",Uttar Pradesh,GAIL Gas Limited,29-Mar-19,151001,45300,9589,51,23,24,400,240,497
,,Districts,,,,,,,,,,,,
188,10.45,Shahjahanpur and Budaun Districts,Uttar Pradesh,Hindustan Petroleum Corporation Limited,29-Mar-19,125000,37500,17335,75,34,44,950,570,564
189,10.46,Bijnor and Nainital Districts,Uttar Pradesh and Uttarakhand,Hindustan Petroleum Corporation Limited,29-Mar-19,300000,90000,17540,91,27,36,NA,NA,1264
190,10.47,"Darjeeling, Jalpaiguri and Uttar Dinajpur Districts",West Bengal,Hindustan Petroleum Corporation Limited,29-Mar-19,690000,207000,5031,125,38,21,NA,NA,1111
191,10.48,Howrah (EAAA) District and Hoogly,West Bengal,Hindustan Petroleum Corporation Limited,29-03-2019,575000,115000,4398,100,30,29,900,360,529
,,(EAAA) District,,,(New start date,,,,,,,,,
,,,,,01.01.2022),,,,,,,,,
192,10.49,Nadia (EAAA) District and North 24 Parganas (EAAA) District,West Bengal,Hindustan Petroleum Corporation Limited,29-03-2019,625000,125000,8822,110,33,29,1543,617,520
,,,,,(New start date,,,,,,,,,
,,,,,01.01.2022),,,,,,,,,
193,10.5,South 24 Parganas (EAAA) District,West Bengal,Hindustan Petroleum Corporation Limited,29-Mar-19,300000,90000,142,65,29,12,1552,931,310
54,11.01,"Kurnool, Guntur, and Prakasam districts",Andhra Pradesh,Indian Oil Corporation Limited,15-Mar-22,4499311,899862,300,301,90,35,1412,565,358
195,11.02,"Nagaon, Morigaon, Hojai, Karbi",Assam,Adani Total Gas Limited,23-03-2022,481962,60245,0,78,15,8,1962,491,0
,,"Anglong, West Karbi Anglong and Dima Hasao districts",,, (New Start date,,,,,,,,,
,,,,,01.01.2023),,,,,,,,,
196,11.03,"Lakhimpur, Dhemaji , Darrang,",Assam,North East Gas Distribution Private Limited,23-03-2022,346000,51900,0,166,37,0,2288,686,39
,,"Udalgiri, Sonitpur and Biswanath Chariali districts",,, (New Start date,,,,,,,,,
,,,,,01.10.2022),,,,,,,,,
197,11.04,"Kokrajhar, Dhubri, South SalmaraMankachar and Goalpara districts",Assam,Adani Total Gas Limited,23-03-2022,311962,23397,0,62,7,5,962,156,88
,,,,,(New Start date,,,,,,,,,
,,,,,01.07.2023),,,,,,,,,
198,11.05,"Baksa, Barpeta, Bongaigaon, Chirang, Nalbari and Bajali districts",Assam,Adani Total Gas Limited,23-03-2022,481962,36147,0,78,9,7,878,143,17
,,,,,(New Start date,,,,,,,,,
,,,,,01.07.2023),,,,,,,,,
,,,,,,,,,,,,,,
"Progress of PNG D, CNG and Pipeline (inch-km) in the Country - March  2025",,,,,,,,,,,,,,
,,,,,,Actual Progress vis-ŕ-vis MWP Targets as on 31.3.2025,,,,,,,,
S.No,GA ID,Geographical Area/ CGD Networks,State/ Union Territory,Authorized CGD Entity,Date of Authorization,PNG Domestic Connections (Nos.),,,CNG Stations (Nos.),,, Pipeline (inch-Km),,
,,,,,, Total MWP Target,Pro-Rata Target,Achievement, Total MWP Target,Pro-Rata Target,Achievement, Total MWP Target,Pro-Rata Target,Achievement
199,11.06,"Darbhanga, Madhubani, Supaul, Sitamarhi and Sheohar districts",Bihar,Bharat Petroleum Corporation,15-Mar-22,1010999,202200,32962,50,15,21,2895,1158,727
,,,,Limited,,,,,,,,,,
200,11.07,"Gopalganj, Siwan, West Champaran, East Champaran and Deoria districts",Bihar & Uttar Pradesh,Bharat Petroleum Corporation,04-May-22,1010999,176925,18089,67,18,26,4141,1449,453
,,,,Limited,,,,,,,,,,
201,11.08,"Baloda Bazar, Gariyaband and Raipur districts",Chhattisgarh,HCG Raipur Private Limited,18-02-2022,1506000,75300,0,606,45,3,5060,633,245
,,,,,(New Start date,,,,,,,,,
,,,,,01.10.2023),,,,,,,,,
202,11.09,"Kabirdham, Raj Nandgaon and Kanker districts",Chhattisgarh,Adani Total Gas Limited,15-03-2022,311962,31196,0,78,12,9,1962,392,33
,,,,,(New Start date,,,,,,,,,
,,,,,01.04.2023),,,,,,,,,
203,11.1,"Mungeli, Bemetara, Durg, Balod and Dhamtari districts",Chhattisgarh,Adani Total Gas Limited,15-03-2022,1111962,111196,0,178,27,18,1962,392,85
,,,,,(New Start date,,,,,,,,,
,,,,,01.04.2023),,,,,,,,,
204,11.11,"Jashpur, Raigarh, Janjgir-Champa and Mahasamund districts",Chhattisgarh,Adani Total Gas Limited,15-03-2022,881162,66087,0,162,18,5,1962,319,10
,,,,,(New Start date,,,,,,,,,
,,,,,01.07.2023),,,,,,,,,
205,11.16,"Mandi, Kullu, Kinnaur and Lahaul &",Himachal Pradesh,Gasonet Services (HP) Limited,29-Mar-22,252000,50400,0,45,9,3,NA,NA,0
,,Spiti districts,,,,,,,,,,,,
206,11.17,Kangra and Chamba districts,Himachal Pradesh,Think Gas Himachal Private Limited,15-Mar-22,300109,60022,0,41,8,2,NA,NA,0
207,11.18,"Jammu, Udhampur, Reasi, Samba and",UT of Jammu and Kashmir,Indian Oil Corporation Limited,15-03-2022,1452352,0,0,121,0,3,NA,NA,0
,,Kathua districts,,,(New Start date,,,,,,,,,
,,,,,01.10.2024),,,,,,,,,
208,11.19,"Gumla, Latehar, Lohardaga, Simdega, Garhwa and Khunti districts",Jharkhand,Adani Total Gas Limited,15-03-2022,161978,8099,0,62,5,13,978,122,37
,,,,,(New Start date,,,,,,,,,
,,,,,01.10.2023),,,,,,,,,
209,11.2,Chikkaballapur district,Karnataka,Megha City Gas Distribution  Private Limited,15-Mar-22,382500,76500,0,81,24,5,999,400,332
210,11.21,"Idukki, Kottayam and Pattanamtitta districts",Kerala,Sholagasco Private Limited,15-Mar-22,1080928,216186,0,325,98,6,1342,537,0
211,11.22,"Agar Malwa, Neemuch, Mandsaur and Jhalawar districts",Madhya Pradesh and Rajasthan,Megha City Gas Distribution  Private Limited,15-Mar-22,540000,108000,0,126,38,5,3060,1224,215
212,11.23,"Burhanpur, Khandwa, Khargone and",Madhya Pradesh,Adani Total Gas Limited,09-Mar-22,511978,102396,0,119,36,28,1578,631,22
,,Harda districts,,,,,,,,,,,,
213,11.24,"Tikamgarh, Niwari, Chattarpur and",Madhya Pradesh,Adani Total Gas Limited,09-Mar-22,191978,38396,0,47,14,11,1478,591,37
,,Panna districts,,,,,,,,,,,,
214,11.25,"Betul, Chhindwara, Seoni and Balaghat districts",Madhya Pradesh,Megha City Gas Distribution  Private Limited,09-03-2022,400500,20025,137,171,13,7,2088,261,0
,,,,,(New Start date,,,,,,,,,
,,,,,01.10.2023),,,,,,,,,
215,11.26,"Damoh, Jabalpur, Katni, Mandla, Umaria and Dindori districts",Madhya Pradesh,Megha City Gas Distribution  Private Limited,23-03-2022,1530000,114750,0,171,19,7,6507,1057,0
,,,,,(New Start date,,,,,,,,,
,,,,,01.07.2023),,,,,,,,,
,,,,,,,,,,,,,,
"Progress of PNG D, CNG and Pipeline (inch-km) in the Country - March  2025",,,,,,,,,,,,,,
,,,,,,Actual Progress vis-ŕ-vis MWP Targets as on 31.3.2025,,,,,,,,
S.No,GA ID,Geographical Area/ CGD Networks,State/ Union Territory,Authorized CGD Entity,Date of Authorization,PNG Domestic Connections (Nos.),,,CNG Stations (Nos.),,, Pipeline (inch-Km),,
,,,,,, Total MWP Target,Pro-Rata Target,Achievement, Total MWP Target,Pro-Rata Target,Achievement, Total MWP Target,Pro-Rata Target,Achievement
216,11.27,"Hoshangabad, Narsinghpur, Sagar and",Madhya Pradesh,Megha City Gas Distribution  Private Limited,09-03-2022,663300,33165,0,207,16,6,3600,450,0
,,Vidisha districts,,,(New Start date,,,,,,,,,
,,,,,01.10.2023),,,,,,,,,
217,11.28,"Buldana, Nanded and Parbhani districts",Maharashtra,Maharashtra Natural Gas Limited,15-03-2022,2007730,100387,0,325,24,31,2600,325,229
,,,,,(New Start date,,,,,,,,,
,,,,,01.10.2023),,,,,,,,,
218,11.29,"Beed, Jalgaon and Jalna districts",Maharashtra,Indian Oil Corporation Limited,15-03-2022,2309973,115499,0,151,11,8,1188,149,144
,,,,,(New Start date,,,,,,,,,
,,,,,01.10.2023),,,,,,,,,
219,11.3,"Akola, Hingoli and Washim districts",Maharashtra,Adani Total Gas Limited,09-03-2022,511962,38397,0,101,11,15,1962,319,215
,,,,,(New Start date,,,,,,,,,
,,,,,01.07.2023),,,,,,,,,
220,11.31,Amravati and Yavatmal districts,Maharashtra,Adani Total Gas Limited,15-03-2022,901962,45098,0,162,12,19,2562,320,366
,,,,,(New Start date,,,,,,,,,
,,,,,01.10.2023),,,,,,,,,
221,11.32,Chandrapur and Wardha districts,Maharashtra,Megha City Gas Distribution  Private Limited,15-03-2022,909000,45450,0,117,9,7,3060,383,0
,,,,,(New Start date,,,,,,,,,
,,,,,01.10.2023),,,,,,,,,
222,11.33,Nagpur district,Maharashtra,HCG Nagpur Private Limited,18-02-2022,1965000,147375,0,756,85,23,7221,1173,415
,,,,,(New Start date,,,,,,,,,
,,,,,01.07.2023),,,,,,,,,
223,11.34,"Bhandara, Gondiya and Garchiroli districts",Maharashtra,Adani Total Gas Limited,09-03-2022,361962,18098,0,78,6,12,1562,195,46
,,,,,(New Start date,,,,,,,,,
,,,,,01.10.2023),,,,,,,,,
224,11.35,"Alirajpur, Nandurbar and Barwani districts",Maharashtra and Madhya Pradesh,Adani Total Gas Limited,09-Mar-22,221962,44392,0,62,19,17,662,265,0
225,11.36,"Koraput, Malkangiri, and Nabarangpur districts",Odisha,Adani Total Gas Limited,09-03-2022,151968,18996,0,38,7,3,968,242,0
,,,,,(New Start date,,,,,,,,,
,,,,,01.01.2023),,,,,,,,,
226,11.37,"Gajapati, Kandhamal, Boudh and Sonepur districts",Odisha,GAIL Gas Limited,28-Feb-22,30001,6000,57,30,9,3,900,360,0
227,11.38,"Rayagada, Kalahandi, Bolangir and Nuapada districts",Odisha,Megha City Gas Distribution  Private Limited,15-03-2022,303030,7576,9,63,2,3,2520,221,31
,,,,,(New Start date,,,,,,,,,
,,,,,01.01.2024),,,,,,,,,
228,11.39,Pathankot district,Punjab,Indian Oil Corporation Limited,29-03-2022,262740,0,0,51,0,4,151,0,0
,,,,,(New Start date,,,,,,,,,
,,,,,01.10.2025),,,,,,,,,
229,11.4,Tarn Taran district,Punjab,Megha City Gas Distribution  Private Limited,10-May-22,243000,42525,0,72,19,6,999,350,136
230,11.41,"Fazilka (except area already authorized), Ganganagar and",Punjab & Rajasthan,Bharat Petroleum Corporation,04-May-22,752999,131775,7067,49,13,26,3308,1158,875
,,Hanumangarh districts,,Limited,,,,,,,,,,
231,11.42,Bikaner and Churu districts,Rajasthan,Gasonet Services (RJ) Limited,15-Mar-22,900000,180000,0,81,24,10,1800,720,0
,,,,,,,,,,,,,,
"Progress of PNG D, CNG and Pipeline (inch-km) in the Country - March  2025",,,,,,,,,,,,,,
,,,,,,Actual Progress vis-ŕ-vis MWP Targets as on 31.3.2025,,,,,,,,
S.No,GA ID,Geographical Area/ CGD Networks,State/ Union Territory,Authorized CGD Entity,Date of Authorization,PNG Domestic Connections (Nos.),,,CNG Stations (Nos.),,, Pipeline (inch-Km),,
,,,,,, Total MWP Target,Pro-Rata Target,Achievement, Total MWP Target,Pro-Rata Target,Achievement, Total MWP Target,Pro-Rata Target,Achievement
232,11.43,"Jhunjhunu, Sikar and Nagaur districts",Rajasthan,Indian Oil Corporation Limited,23-03-2022,2087645,208765,5619,171,26,43,1200,240,515
,,,,,(New Start date,,,,,,,,,
,,,,,01.04.2023),,,,,,,,,
233,11.44,"Dausa, Karauli, Sawai Madhopur and",Rajasthan,Hindustan Petroleum Corporation Limited,15-Mar-22,707000,141400,3336,124,37,43,3988,1595,1005
,,Tonk districts,,,,,,,,,,,,
234,11.45,Dharmapuri and Krishnagiri districts,Tamil Nadu,Indian Oil Corporation Limited,23-03-2022,1619227,202403,1724,201,38,17,1201,300,283
,,,,,(New Start date,,,,,,,,,
,,,,,01.01.2023),,,,,,,,,
235,11.46,"Tiruvannamalai, Villupuram and Kallakkurichi districts",Tamil Nadu,Megha City Gas Distribution  Private Limited,09-03-2022,1323000,132300,0,99,15,7,2520,504,11
,,,,,(New Start date,,,,,,,,,
,,,,,01.04.2023),,,,,,,,,
236,11.47,Ariyalur and Perambalur districts,Tamil Nadu,Megha City Gas Distribution  Private Limited,15-03-2022,419400,41940,0,63,9,4,1530,306,115
,,,,,(New Start date,,,,,,,,,
,,,,,01.04.2023),,,,,,,,,
237,11.48,Namakkal and Tiruchirapalli districts,Tamil Nadu,IRM Energy  Limited,15-03-2022,1774000,0,504,290,0,33,1450,73,142
,,,,,(New Start date,,,,,,,,,
,,,,,01.04.2024),,,,,,,,,
238,11.49,"Pudukottai, Sivaganga and Thanjavur districts",Tamil Nadu,Megha City Gas Distribution  Private Limited,23-03-2022,1400004,105000,0,216,24,4,6498,1056,187
,,,,,(New Start date,,,,,,,,,
,,,,,01.07.2023),,,,,,,,,
239,11.5,"Madurai, Theni and Virudhnagar districts",Tamil Nadu,Indian Oil Corporation Limited,23-03-2022,2846696,355837,2050,201,38,22,2001,500,410
,,,,,(New Start date,,,,,,,,,
,,,,,01.01.2023),,,,,,,,,
240,11.51,"Kanyakumari, Thoothukudi, Tiruneveli Kattabo and Tenkasi districts",Tamil Nadu,Indian Oil Corporation Limited,23-03-2022,2939842,367480,2113,251,47,15,2001,500,555
,,,,,(New Start date,,,,,,,,,
,,,,,01.01.2023),,,,,,,,,
241,11.52,Dindigul and Karur districts,Tamil Nadu,Megha City Gas Distribution Private Limited,15-03-2022,1008000,126000,0,135,25,3,3510,878,67
,,,,,(New Start date,,,,,,,,,
,,,,,01.01.2023),,,,,,,,,
242,11.53,The Nilgiris and Erode districts,Tamil Nadu,Bharat Petroleum Corporation,15-Mar-22,884777,176955,11303,201,60,50,1316,526,187
,,,,Limited,,,,,,,,,,
243,11.54,"Nizamabad, Adilabad, Nirmal,",Telangana,Maharashtra Natural Gas Limited,15-03-2022,1286333,96475,0,351,39,29,2500,406,807
,,Mancherial Kumuram Bheem,,,(New Start date,,,,,,,,,
,,Asifabad and Kamareddy districts,,,01.07.2023),,,,,,,,,
244,11.55,"Jogulamba Gadwal, Nagarkurnool,",Telangana and Karnataka,Megha City Gas Distribution  Private Limited,15-Mar-22,1299996,259999,126,270,81,13,4545,1818,271
,,"Mahabubnagar, Narayanpet,",,,,,,,,,,,,
,,Wanaparthy and Yadgir districts,,,,,,,,,,,,
245,11.56,South Tripura and Sepahijala district,Tripura,North East Gas Distribution Private Limited,15-Mar-22,96000,19200,0,46,14,3,844,338,0
246,11.57,"Dhalai, North Tripura, Unakoti and",Tripura,North East Gas Distribution Private Limited,15-Mar-22,116000,23200,0,66,20,2,552,221,0
,,Khowai,,,,,,,,,,,,
,,,,,,,,,,,,,,
"Progress of PNG D, CNG and Pipeline (inch-km) in the Country - March  2025",,,,,,,,,,,,,,
,,,,,,Actual Progress vis-ŕ-vis MWP Targets as on 31.3.2025,,,,,,,,
S.No,GA ID,Geographical Area/ CGD Networks,State/ Union Territory,Authorized CGD Entity,Date of Authorization,PNG Domestic Connections (Nos.),,,CNG Stations (Nos.),,, Pipeline (inch-Km),,
,,,,,, Total MWP Target,Pro-Rata Target,Achievement, Total MWP Target,Pro-Rata Target,Achievement, Total MWP Target,Pro-Rata Target,Achievement
247,11.58,Amroha (except area already authorized) & Sambhal (except area already authorized) districts,Uttar Pradesh,Megha City Gas Distribution  Private Limited,04-May-22,657000,114975,0,99,26,7,1440,504,25
248,11.59,Kasganj district,Uttar Pradesh,Megha City Gas Distribution  Private Limited,04-May-22,252000,44100,0,45,12,4,1530,536,0
249,11.6,Purulia and Bankura districts,West Bengal,Bharat Petroleum Corporation,15-Mar-22,555999,111200,19424,27,8,28,1211,484,403
,,,,Limited,,,,,,,,,,
250,11.61,"East Mednipore, West Mednipore and",West Bengal,Indian Oil Corporation Limited,23-03-2022,3734901,280118,0,131,15,6,1500,244,108
,,Jhargram districts,,,(New Start date,,,,,,,,,
,,,,,01.07.2023),,,,,,,,,
251,11.62,Alipurduar and Koch Bihar,West Bengal,Bharat Petroleum Corporation,15-03-2022,251999,37800,19163,19,4,11,706,212,261
,,,,Limited,(New Start date,,,,,,,,,
,,,,,01.10.2022),,,,,,,,,
252,11.63,"Banda, Chitrakoot and Mahoba",Uttar Pradesh,Indraprastha Gas Limited,13-Apr-22,150006,16251,31247,102,27,31,2325,814,952
253,11.64,"Pauri Garhwal, Uttarkashi,",Uttarakhand,Gasonet Services (UK) Limited,27-May-22,351000,38025,1,63,11,2,NA,NA,0
,,Rudraprayag and Tehri Garhwal districts,,,,,,,,,,,,
254,11.65,"Pithoragarh, Champawat, Almora, Chamoli and Bageshwar districts",Uttarakhand,Gasonet Services (UK) Limited,11-May-22,405000,43875,0,72,13,1,NA,NA,0
255,95.01,Faridabad-2,Haryana,Adani Total Gas Limited,25-Apr-23,403853,296524,143912,NA,NA,34,673,NA,5327
256,97.01,Patna District,Bihar,GAIL (India) Limited,07-Mar-18,50154,50154,89426,NA,NA,32,2445,2445,2060
257,97.02,East Singhbhum District,Jharkhand,GAIL (India) Limited,07-Mar-18,24278,24278,56363,NA,NA,14,1282,1282,777
258,97.03,Ranchi District,Jharkhand,GAIL (India) Limited,07-Mar-18,29962,29962,73075,NA,NA,21,1800,1800,1778
259,97.04,Khordha District,Odisha,GAIL (India) Limited,07-Mar-18,26900,26900,74646,NA,NA,20,1513,1513,1285
260,97.05,Cuttack District,Odisha,GAIL (India) Limited,07-Mar-18,28959,28959,35346,NA,NA,13,1416,1416,727
261,97.06,Varanasi District,Uttar Pradesh,GAIL (India) Limited,07-Mar-18,40211,40211,108630,NA,NA,30,1899,1899,2652
262,98.01,Khurja,Uttar Pradesh,Adani Total Gas Limited,04-Dec-12,25100,25100,14676,NA,NA,10,260,260,646
263,98.02,"Surat, Bharuch, Ankleshwar",Gujarat,Gujarat Gas Limited,08-Nov-12,576000,576000,871506,NA,NA,119,4750,4750,7148
264,98.03,Moradabad,Uttar Pradesh,Torrent Gas Limited,30-Nov-12,127000,127000,35531,NA,NA,8,654,654,393
265,98.04,Nadiad,Gujarat,Gujarat Gas Limited,01-Oct-13,129737,129737,78178,NA,NA,32,668,668,687
266,98.05,Navsari,Gujarat,Gujarat Gas Limited,01-Oct-13,115093,115093,126050,NA,NA,27,593,593,625
267,98.06,Rajkot,Gujarat,Gujarat Gas Limited,01-Oct-13,409105,409105,390478,NA,NA,89,2105,2105,4420
268,98.07,Surendranagar,Gujarat,Gujarat Gas Limited,01-Oct-13,112728,112728,33401,NA,NA,28,580,580,662
,,,,,,,,,,,,,,
"Progress of PNG D, CNG and Pipeline (inch-km) in the Country - March  2025",,,,,,,,,,,,,,
,,,,,,Actual Progress vis-ŕ-vis MWP Targets as on 31.3.2025,,,,,,,,
S.No,GA ID,Geographical Area/ CGD Networks,State/ Union Territory,Authorized CGD Entity,Date of Authorization,PNG Domestic Connections (Nos.),,,CNG Stations (Nos.),,, Pipeline (inch-Km),,
,,,,,, Total MWP Target,Pro-Rata Target,Achievement, Total MWP Target,Pro-Rata Target,Achievement, Total MWP Target,Pro-Rata Target,Achievement
269,98.08,Ahmedabad City and Daskroi Area,Gujarat,Adani Total Gas Limited,28-Nov-13,599698,599698,697185,NA,NA,86,3086,3086,2271
270,98.09,Hazira,Gujarat,Gujarat Gas Limited,17-Jul-14,5481,5481,42285,NA,NA,1,44,44,25
271,98.1,Valsad,Gujarat,Gujarat Gas Limited,20-Jan-15,115095,115095,144955,NA,NA,27,802,802,1058
272,98.11,Anand area including Kanjari & Vadtal Villages (in Kheda District),Gujarat,Charotar Gas Sahakari Mandali,12-May-15,NA,NA,51792,NA,NA,14,NA,NA,1717
,,,,Limited,,,,,,,,,,
273,98.12,Bhiwadi (in Alwar District),Rajasthan,Haryana City Gas Distribution (Bhiwadi) Limited,01-Aug-18,27207,24404,5914,NA,NA,5,218,196,429
274,98.13,Gurugram-2,Haryana,Haryana City Gas Distribution,25-Apr-23,317637,233221,56873,NA,NA,46,482,NA,3582
,,,,Limited,,,,,,,,,,
275,99.01,National Capital Territory of Delhi,Delhi,Indraprastha Gas Limited,09-Jan-09,237000,237000,1723294,NA,NA,508,1100,1100,4690
276,99.02,Mumbai & Greater Mumbai,Maharashtra,Mahanagar Gas Limited,21-Jan-09,406000,406000,1396207,NA,NA,152,NA,NA,2073
277,99.03,Bareilly,Uttar Pradesh,Central UP Gas Limited,22-Apr-09,27500,27500,57252,NA,NA,23,356,356,358
278,99.04,Kanpur,Uttar Pradesh,Central UP Gas Limited,22-Apr-09,70035,70035,129086,NA,NA,58,569,569,786
279,99.05,Pune City including Pimpri - Chichwad,Maharashtra,Maharashtra Natural Gas Limited,01-Jun-09,72000,72000,779632,NA,NA,124,1313,1313,2798
,,"& adjoining contigeneous areas  Hinjewadi, Chakan, Talegaon",,,,,,,,,,,,
280,99.06,Vijaywada,Andhra Pradesh,Bhagyanagar Gas Limited,28-Jul-09,97267,97267,59977,NA,NA,33,635,635,461
281,99.07,Thane urban and adjoining Municipalities,Maharashtra,Mahanagar Gas Limited,04-Aug-09,225000,225000,1340826,NA,NA,168,1675,1675,2447
282,99.08,Indore (including Ujjain City),Madhya Pradesh,Aavantika Gas Limited,31-Aug-09,50000,50000,122632,NA,NA,87,530,530,645
283,99.09,Hyderabad  ,Telangana,Bhagyanagar Gas Limited,09-Oct-09,266000,266000,215698,NA,NA,93,4042,4042,1122
284,99.1,Agra  ,Uttar Pradesh,Green Gas Limited,12-Nov-09,22000,22000,118003,NA,NA,31,388,388,651
285,99.11,Gandhinagar Mehsana Sabarkantha  ,Gujarat,Sabarmati Gas Limited,16-Dec-09,99000,99000,302955,NA,NA,136,1913,1913,3122
286,99.12,Gwalior,Madhya Pradesh,Aavantika Gas Limited,04-Jan-10,44000,44000,62534,NA,NA,32,180,180,212
287,99.13,Firozabad  (Taj Trapezium Zone),Uttar Pradesh and Rajasthan,GAIL Gas Limited,26-Sep-11,24000,24000,24563,NA,NA,48,1010,1010,1579
288,99.14,Kolkata Muncipal Corporation and Parts of Adjoining Districts,West Bengal,Bengal Gas Company Limited,02-02-2016,1417959,700000,5297,NA,NA,25,7296,3500,1623
,,,,,(New start date,,,,,,,,,
,,,,,01.01.2022),,,,,,,,,
289,99.15,Upper Assam  ,Assam,Assam Gas Company Limited,06-Feb-15,NA,NA,58420,NA,NA,10,NA,NA,7709
290,99.16,Agartala  ,Tripura,Tripura Natural Gas Company,24-Feb-15,NA,NA,48318,NA,NA,6,NA,NA,38
,,,,Limited,,,,,,,,,,
"Progress of PNG D, CNG and Pipeline (inch-km) in the Country - March  2025",,,,,,,,,,,,,,
,,,,,,Actual Progress vis-ŕ-vis MWP Targets as on 31.3.2025,,,,,,,,
S.No,GA ID,Geographical Area/ CGD Networks,State/ Union Territory,Authorized CGD Entity,Date of Authorization,PNG Domestic Connections (Nos.),,,CNG Stations (Nos.),,, Pipeline (inch-Km),,
,,,,,, Total MWP Target,Pro-Rata Target,Achievement, Total MWP Target,Pro-Rata Target,Achievement, Total MWP Target,Pro-Rata Target,Achievement
291,99.17,Lucknow  ,Uttar Pradesh,Green Gas Limited,15-Mar-16,494186,494186,132564,NA,NA,47,2543,2543,796
292,99.18,Vadodara,Gujarat,Vadodara Gas  Limited,27-Oct-16,448495,448495,271620,NA,NA,46,643,643,524
293,99.19,Ghaziabad & Hapur Districts,Uttar Pradesh,Indraprastha Gas Limited,06-Sep-19,324792,272365,386025,NA,NA,79,1920,1920,3303
294,99.2,Noida (including Greater Noida),Uttar Pradesh,Indraprastha Gas Limited,25-Apr-23,499144,366491,406322,NA,NA,75,664,NA,9896
295,11A.01,"Lakhimpur Kheri, Sitapur, Bahraich,",Uttar Pradesh,Bharat Petroleum Corporation,08-Jun-22,5069648,549212,28339,421,111,60,5060,1771,817
,,"Shrawasti, Balrampur, Siddharth Nagar & Maharajganj districts",,Limited,,,,,,,,,,
296,11A.02,"Banka (Bihar), Dumka, Godda, Jamtara, Pakur & Sahibganj districts",Bihar & Jharkhand,Hindustan Petroleum Corporation Limited,14-Jun-22,1476189,159920,635,99,26,19,2007,702,1020
297,11A.03,"Birbhum, Murshidabad, Maldah & Dakshin Dinajpur districts",West Bengal,Hindustan Petroleum Corporation Limited,17-Jun-22,6210189,672770,2025,162,43,16,1845,646,1070
298,11A.04,"Koriya,  Surajpur, Balrampur and Surguja districts",Chhattisgarh,Bharat Petroleum Corporation,14-Jun-22,259496,28112,11002,54,14,14,1335,467,574
,,,,Limited,,,,,,,,,,
299,11A.05,"Kondagaon, Bastar, Sukma,",Chhattisgarh,GAIL Gas Limited,13-Jun-22,70031,7587,0,32,8,1,511,179,0
,,"Narayanpur, Bijapur and Dantewada districts",,,,,,,,,,,,
300,11A.06,Yanam,Puducherry,HCG Yanam Private Limited,08-Aug-22,51000,7650,0,51,11,8,133,40,64
301,12A,Mizoram State,Mizoram,Tripura Natural Gas Company,19-Apr-24,291562,0,0,75,0,0,1002,38,0
,,,,Limited,,,,,,,,,,
302,12.01,Arunachal Pradesh State,Arunachal Pradesh,Consortium of BPCL & OIL India Ltd,19-Apr-24,19000,0,0,26,0,0,150,6,0
303,12.02,Meghalaya State,Meghalaya,Consortium of HCG (KCE) Private Limited & Others,19-Apr-24,356000,0,0,314,0,0,2105,79,0
304,12.03,Manipur State,Manipur,Tripura Natural Gas Company,22-Apr-24,100439,0,0,39,0,0,180,7,0
,,,,Limited,,,,,,,,,,
305,12.04,Nagaland State,Nagaland,HPOIL Gas Private Limited,19-Apr-24,356589,0,0,63,0,0,189,7,0
306,12.05,Sikkim State,Sikkim,Hindustan Petroleum Corporation Limited,19-Apr-24,177399,0,0,45,0,0,657,25,0
307,12.06,"Anantnag, Bandipora, Baramulla,","Jammu & Kashmir, Ladakh",Bharat Petroleum Corporation,19-Apr-24,30804,0,0,23,0,0,360,14,0
,,"Budgam, Doda, Ganderbal, Kargil,",,Limited,,,,,,,,,,
,,"Kishtwar, Kulgam, Kupwara, Leh,",,,,,,,,,,,,
,,"Poonch, Pulwama, Rajouri, Ramban, Shopian, Shrinagar",,,,,,,,,,,,
Total of  CGD Network Authorized By PNGRB,,,,,,"12,63,55,818","3,00,06,455","1,48,32,087","18,336","4,877","7,996","5,46,867","3,54,732","2,84,358"
,,,,,,,,,,,,,,
Note: The above achievement progress is as reported by the entities.,,,,,,,,,,,,,,
